time,app2
120000,100.00000000000001
2520000,100.00000000000001
