time,image-recognition-high,image-recognition-low
0,0,0
119893,10,10
230306,10,10
310133,0.987341772,0.987341772
415460,1.001697793,1.001697793
509243,0,0
600000,0,0
