time,image-recognition-high,image-recognition-low,face-recognition
60504,5.0,?,?
150000,30.0,?,?
240126,30.0,?,?
271008,?,5.0,?
339705,5.0,?,?
340966,?,30.0,?
349309,?,?,15.075949367088608
420420,15.0,?,?
431092,?,30.0,?
440600,?,?,5.050632911392405
509243,?,5.0,?
530450,?,?,30.0
620300,?,?,30.0
709669,?,?,4.974683544303797
721321,?,?,0.189873417721519
1000000,?,?,0.0
