time,image-recognition-high,face-recognition
60504,5,?
150000,30,?
240126,30,?
339705,5,?
840600,?,5.050632911
930450,?,30
1020300,?,30
1109669,?,4.974683544
1121321,?,0.189873418
1400000,?,0.1
